Marks,db
0,4
0.166667,4
0.583333,4
1,4
